,stopTime_ES,mse_ES,stopTime_AIC,mse_AIC,mse_min,,,,,,,
1,40,0.8097,56,0.7328,0.7328,,,,,,,
2,32,0.9192,57,0.3009,0.2885,,,stopTime_ES,mse_ES,stopTime_AIC,mse_AIC,mse_min
3,43,3.0767,47,2.8450,2.2387,,Average,52.78,2.072510056,82.239,1.453253412,1.225831408
4,16,5.0225,60,2.6246,2.3964,,,,,,,
5,26,2.3968,153,1.4088,1.2119,,,,,,,
6,43,2.6550,123,2.0374,1.9574,,,,,,,
7,26,1.8680,109,1.0589,0.8628,,,,,,,
8,29,2.6057,60,2.0278,2.0278,,,,,,,
9,600,1.5729,31,2.3150,1.3602,,,,,,,
10,33,1.9802,127,0.8630,0.8078,,,,,,,
11,28,3.3148,75,1.3792,1.3368,,,,,,,
12,40,1.9351,89,1.6615,1.5383,,,,,,,
13,24,0.9220,125,0.5940,0.0643,,,,,,,
14,600,1.4697,44,2.2953,1.3548,,,,,,,
15,81,1.1713,49,1.1176,1.0671,,,,,,,
16,53,0.7110,61,0.7433,0.6713,,,,,,,
17,40,4.0944,40,4.0944,3.1779,,,,,,,
18,48,0.4032,58,0.1983,0.1519,,,,,,,
19,44,2.2054,61,1.8703,1.6476,,,,,,,
20,36,0.5752,83,1.6289,0.5404,,,,,,,
21,49,2.8846,121,2.7420,2.5567,,,,,,,
22,30,1.0516,132,1.2489,0.4991,,,,,,,
23,38,1.4637,104,0.5176,0.4497,,,,,,,
24,35,1.5126,35,1.5126,1.4590,,,,,,,
25,53,1.6198,107,1.6352,1.5341,,,,,,,
26,130,2.4235,62,2.6508,2.3576,,,,,,,
27,28,2.2568,125,2.6945,2.0630,,,,,,,
28,38,2.9672,51,2.4639,1.9852,,,,,,,
29,38,0.4847,56,0.4608,0.4043,,,,,,,
30,39,1.0597,73,1.4719,1.0597,,,,,,,
31,40,1.9619,85,1.3391,1.3391,,,,,,,
32,47,2.0047,77,1.9942,1.8977,,,,,,,
33,48,1.2362,97,2.0579,1.2187,,,,,,,
34,32,3.8120,59,2.4401,2.2829,,,,,,,
35,59,1.9319,59,1.9319,1.8183,,,,,,,
36,55,1.2509,91,1.0446,1.0098,,,,,,,
37,51,1.3246,55,1.4321,0.7837,,,,,,,
38,62,0.2426,78,0.1430,0.1430,,,,,,,
39,26,1.9626,59,0.4810,0.3520,,,,,,,
40,29,0.8038,54,0.0574,0.0498,,,,,,,
41,26,2.5965,62,1.4048,1.4048,,,,,,,
42,74,0.5760,48,0.6037,0.5693,,,,,,,
43,17,2.4856,71,1.3453,1.3371,,,,,,,
44,41,1.7779,77,1.2363,1.2171,,,,,,,
45,48,1.5984,74,1.1436,1.0530,,,,,,,
46,35,0.5392,71,0.7678,0.4461,,,,,,,
47,28,4.4730,47,2.8903,1.5698,,,,,,,
48,29,1.8599,57,0.9186,0.7668,,,,,,,
49,46,0.8319,56,0.7677,0.7653,,,,,,,
50,33,1.3375,72,0.6079,0.5828,,,,,,,
51,31,1.6019,77,0.5657,0.5325,,,,,,,
52,35,2.9263,111,2.5050,2.2257,,,,,,,
53,31,1.2668,66,0.7612,0.7210,,,,,,,
54,37,2.2731,115,2.0490,1.6790,,,,,,,
55,38,0.2309,81,1.0494,0.1863,,,,,,,
56,50,1.6244,59,1.3560,1.1151,,,,,,,
57,600,1.0677,30,0.6917,0.4512,,,,,,,
58,40,1.6256,125,1.4288,1.1960,,,,,,,
59,26,1.0403,84,1.2427,0.6267,,,,,,,
60,33,1.6116,77,0.6138,0.6125,,,,,,,
61,27,1.3585,63,1.5188,1.1621,,,,,,,
62,31,4.0258,160,1.4829,1.4608,,,,,,,
63,41,1.7590,74,1.6934,1.6023,,,,,,,
64,37,0.8138,72,0.4465,0.3829,,,,,,,
65,33,1.0932,52,1.4029,1.0784,,,,,,,
66,28,1.9019,64,0.3488,0.3029,,,,,,,
67,33,2.1097,39,1.8817,1.7522,,,,,,,
68,23,6.5954,73,3.1931,2.5205,,,,,,,
69,28,0.9928,70,0.4749,0.3783,,,,,,,
70,30,1.2066,82,0.1208,0.1128,,,,,,,
71,43,1.9780,68,1.3163,1.2031,,,,,,,
72,63,1.0556,63,1.0556,1.0556,,,,,,,
73,28,2.9580,239,1.2034,0.9132,,,,,,,
74,47,0.4494,74,0.3390,0.2895,,,,,,,
75,28,2.0297,112,1.1215,1.0738,,,,,,,
76,26,2.0471,61,0.6732,0.6364,,,,,,,
77,39,0.7840,129,0.8818,0.5169,,,,,,,
78,28,1.0541,81,1.6907,0.9713,,,,,,,
79,51,2.0058,91,2.6923,2.0058,,,,,,,
80,26,4.1097,109,1.6421,1.6198,,,,,,,
81,25,2.9151,81,1.0244,1.0073,,,,,,,
82,41,1.7791,167,2.0463,1.5017,,,,,,,
83,30,2.9624,40,2.5439,2.4520,,,,,,,
84,33,2.6222,101,3.1061,2.4810,,,,,,,
85,33,3.2656,118,3.0466,2.6010,,,,,,,
86,38,1.6689,67,1.2994,1.2994,,,,,,,
87,24,3.1953,37,2.6828,2.1714,,,,,,,
88,33,2.0815,48,1.4726,1.2245,,,,,,,
89,38,2.4649,190,3.9761,2.3792,,,,,,,
90,37,2.8630,133,1.7681,1.6375,,,,,,,
91,32,1.5666,54,0.7845,0.7782,,,,,,,
92,22,6.4655,60,2.5978,2.0333,,,,,,,
93,25,1.5607,61,0.6289,0.6259,,,,,,,
94,27,0.8928,134,0.3575,0.2979,,,,,,,
95,40,1.7792,116,1.2975,1.1943,,,,,,,
96,27,2.5875,49,1.5025,1.4766,,,,,,,
97,29,0.6466,61,0.8351,0.4536,,,,,,,
98,40,3.3442,99,3.1320,2.9643,,,,,,,
99,41,2.6808,38,2.8356,2.0211,,,,,,,
100,31,2.7934,117,1.6588,1.6112,,,,,,,
101,34,2.4560,60,1.7032,1.6743,,,,,,,
102,28,1.0145,85,0.8524,0.6636,,,,,,,
103,29,3.2346,77,0.9496,0.8586,,,,,,,
104,22,4.0608,52,1.8852,1.4277,,,,,,,
105,35,3.9414,56,3.0267,2.7256,,,,,,,
106,36,3.0693,166,2.2636,1.9308,,,,,,,
107,58,1.5310,101,1.6550,1.3716,,,,,,,
108,48,0.4037,80,0.4792,0.3442,,,,,,,
109,48,2.0213,224,2.4807,1.7294,,,,,,,
110,42,0.8795,95,1.3729,0.8306,,,,,,,
111,44,0.5971,90,0.8854,0.5356,,,,,,,
112,60,0.9625,68,1.0407,0.8668,,,,,,,
113,88,2.1446,50,1.8736,1.8215,,,,,,,
114,26,2.5867,57,0.7320,0.4689,,,,,,,
115,35,2.3022,109,1.9047,1.7842,,,,,,,
116,32,2.9746,81,1.0941,0.9472,,,,,,,
117,20,2.4604,60,1.1757,1.1348,,,,,,,
118,19,6.8982,101,2.6738,2.6115,,,,,,,
119,27,3.3730,40,2.5942,2.1866,,,,,,,
120,21,2.4003,43,1.8665,1.8056,,,,,,,
121,185,0.7856,78,1.0609,0.7787,,,,,,,
122,59,1.7171,67,1.5575,1.4595,,,,,,,
123,20,2.2264,86,0.7661,0.7389,,,,,,,
124,24,4.0601,95,2.3772,2.3126,,,,,,,
125,56,1.0285,188,3.1377,0.8914,,,,,,,
126,25,5.4714,60,3.3431,3.1182,,,,,,,
127,24,2.8748,57,1.5065,1.2331,,,,,,,
128,22,4.0449,75,0.7439,0.6578,,,,,,,
129,48,1.8685,101,0.6612,0.6349,,,,,,,
130,18,6.8875,60,5.1430,4.4621,,,,,,,
131,39,2.3352,65,1.3848,1.1941,,,,,,,
132,24,2.9264,67,1.9373,1.7337,,,,,,,
133,600,2.1118,118,1.5806,1.5435,,,,,,,
134,62,0.7186,65,0.7079,0.6998,,,,,,,
135,52,1.9747,71,1.8384,1.8365,,,,,,,
136,38,2.2204,49,1.8539,1.7035,,,,,,,
137,19,2.9736,53,1.3373,1.3216,,,,,,,
138,26,2.2443,51,1.2738,1.1509,,,,,,,
139,24,2.8548,60,2.6997,2.4857,,,,,,,
140,42,1.3634,38,1.3773,1.3201,,,,,,,
141,33,2.4139,98,0.5370,0.5279,,,,,,,
142,38,2.7989,70,1.8913,1.7993,,,,,,,
143,25,1.9095,85,0.9368,0.7699,,,,,,,
144,40,2.5173,106,2.3615,2.0774,,,,,,,
145,37,1.2952,123,1.3596,0.9396,,,,,,,
146,24,1.9376,86,0.8504,0.7479,,,,,,,
147,24,2.6378,48,1.2144,1.0009,,,,,,,
148,34,1.4626,61,0.9540,0.9200,,,,,,,
149,23,5.2316,56,2.2980,1.9091,,,,,,,
150,27,1.2304,77,0.2306,0.1397,,,,,,,
151,53,1.0294,65,0.9324,0.9180,,,,,,,
152,26,5.5657,66,3.3348,3.0818,,,,,,,
153,30,2.1876,68,0.5259,0.5024,,,,,,,
154,38,2.6580,56,2.0840,1.7556,,,,,,,
155,32,0.9165,63,0.5262,0.4531,,,,,,,
156,17,3.0909,104,0.6284,0.6028,,,,,,,
157,24,2.3229,54,0.8797,0.8533,,,,,,,
158,43,1.0287,65,0.7530,0.6704,,,,,,,
159,20,4.3963,56,1.5967,1.2658,,,,,,,
160,45,1.9281,132,1.6016,1.4767,,,,,,,
161,45,1.1145,288,1.5905,0.7769,,,,,,,
162,29,2.5367,72,2.1120,1.9388,,,,,,,
163,37,1.2899,73,1.0533,0.9769,,,,,,,
164,32,2.6109,99,1.5485,1.5113,,,,,,,
165,74,1.7844,66,1.9076,1.6428,,,,,,,
166,41,2.2294,96,2.3526,2.0621,,,,,,,
167,60,0.7575,87,0.6474,0.6268,,,,,,,
168,26,3.1814,68,2.0231,1.9702,,,,,,,
169,52,1.7159,86,1.7104,1.5799,,,,,,,
170,31,2.9182,80,0.9140,0.8800,,,,,,,
171,28,1.7912,95,1.4707,1.0791,,,,,,,
172,31,1.6595,98,1.3158,1.0232,,,,,,,
173,42,0.7774,87,0.3154,0.2796,,,,,,,
174,99,0.1032,85,0.0929,0.0919,,,,,,,
175,600,1.7800,53,1.1408,1.0951,,,,,,,
176,86,0.6918,42,0.8790,0.6303,,,,,,,
177,24,1.8886,95,0.4404,0.4213,,,,,,,
178,51,1.3079,75,1.0305,1.0214,,,,,,,
179,38,1.4124,66,1.3959,1.2997,,,,,,,
180,46,1.8490,82,0.7859,0.5629,,,,,,,
181,24,2.7367,141,2.5682,1.8776,,,,,,,
182,94,1.9404,74,1.6661,1.3822,,,,,,,
183,54,1.8319,49,1.8861,1.5372,,,,,,,
184,52,1.9765,77,1.7814,1.7368,,,,,,,
185,27,2.3927,72,1.0236,0.9546,,,,,,,
186,70,1.2824,247,2.6019,1.2824,,,,,,,
187,24,2.4444,47,1.0514,0.8686,,,,,,,
188,21,2.2894,85,1.1735,1.1049,,,,,,,
189,19,2.5114,51,1.4580,1.2627,,,,,,,
190,43,1.0743,90,0.9372,0.7613,,,,,,,
191,28,2.5974,112,0.9698,0.9086,,,,,,,
192,38,3.2204,153,3.3339,2.7735,,,,,,,
193,62,0.9831,57,1.0311,0.6822,,,,,,,
194,44,1.9787,70,1.8522,1.7851,,,,,,,
195,600,1.3053,50,1.0906,1.0029,,,,,,,
196,24,1.0935,46,1.0636,0.8383,,,,,,,
197,60,0.1761,72,0.1914,0.1533,,,,,,,
198,36,0.7077,62,0.4426,0.4250,,,,,,,
199,27,3.3446,88,1.0034,0.9631,,,,,,,
200,27,1.2934,184,0.9611,0.5473,,,,,,,
201,46,1.9372,136,2.1461,1.6447,,,,,,,
202,59,0.8582,55,0.9006,0.5242,,,,,,,
203,26,0.7370,57,0.8173,0.5456,,,,,,,
204,33,1.4179,120,0.8726,0.5639,,,,,,,
205,45,1.1931,108,0.8965,0.8042,,,,,,,
206,25,2.0699,90,0.8779,0.8523,,,,,,,
207,47,1.1946,60,1.0792,1.0529,,,,,,,
208,46,1.6090,70,1.8671,1.5801,,,,,,,
209,46,0.9012,97,2.0150,0.8817,,,,,,,
210,38,2.8383,46,2.5173,1.7025,,,,,,,
211,56,1.0175,116,1.6617,0.9839,,,,,,,
212,23,3.2723,86,2.6140,2.2310,,,,,,,
213,34,1.1259,59,0.4675,0.4096,,,,,,,
214,25,1.0147,56,0.6078,0.5777,,,,,,,
215,20,3.0062,121,2.4798,2.1731,,,,,,,
216,70,1.5352,256,2.0809,1.3686,,,,,,,
217,37,1.1895,63,0.6632,0.6330,,,,,,,
218,38,2.4918,56,1.8781,1.5318,,,,,,,
219,47,0.8729,74,1.1812,0.8133,,,,,,,
220,23,1.4512,71,0.5477,0.5030,,,,,,,
221,34,1.8077,107,0.6518,0.6111,,,,,,,
222,51,1.1846,47,1.1732,1.1446,,,,,,,
223,46,1.6218,120,0.8464,0.8034,,,,,,,
224,47,1.8910,89,1.5251,1.5251,,,,,,,
225,30,1.4329,107,0.7461,0.6155,,,,,,,
226,31,1.5577,77,1.0864,0.9255,,,,,,,
227,36,1.9856,68,1.2617,1.2537,,,,,,,
228,89,1.0373,36,1.0673,0.8935,,,,,,,
229,59,1.8325,129,2.0070,1.6555,,,,,,,
230,31,1.7569,41,1.3748,0.7995,,,,,,,
231,46,1.9934,117,2.3049,1.9218,,,,,,,
232,64,2.0242,99,1.9582,1.9333,,,,,,,
233,31,1.9126,85,0.8370,0.7823,,,,,,,
234,12,3.0193,71,1.4893,1.4480,,,,,,,
235,43,1.0469,89,0.7257,0.6919,,,,,,,
236,42,0.6771,36,0.7786,0.5112,,,,,,,
237,28,1.9139,100,1.3243,1.1660,,,,,,,
238,26,1.7052,104,0.7170,0.7012,,,,,,,
239,23,5.6569,78,4.4774,4.2134,,,,,,,
240,36,0.7833,99,0.9384,0.4070,,,,,,,
241,39,1.3109,98,0.7563,0.6877,,,,,,,
242,39,1.7317,75,1.7428,1.6439,,,,,,,
243,23,1.9957,49,0.7117,0.6010,,,,,,,
244,32,2.2027,95,1.3675,1.3535,,,,,,,
245,26,2.1860,50,0.8705,0.7135,,,,,,,
246,36,1.4330,80,1.2488,1.1679,,,,,,,
247,21,3.2707,103,1.2488,1.2433,,,,,,,
248,194,0.8840,46,0.7606,0.6427,,,,,,,
249,64,0.1618,65,0.1518,0.1200,,,,,,,
250,30,2.4431,64,1.4352,1.4278,,,,,,,
251,45,1.5582,61,1.5808,1.5243,,,,,,,
252,29,2.4201,67,1.2688,1.2202,,,,,,,
253,47,2.2065,114,2.2610,1.9102,,,,,,,
254,29,2.4680,50,1.3442,1.0901,,,,,,,
255,34,2.3019,55,2.1919,2.1345,,,,,,,
256,33,0.8034,74,1.7413,0.8034,,,,,,,
257,14,4.6703,65,1.8693,1.8388,,,,,,,
258,29,1.6405,111,1.2783,0.8915,,,,,,,
259,42,0.9345,90,1.2760,0.8710,,,,,,,
260,80,2.2179,57,1.9735,1.8914,,,,,,,
261,21,3.8878,109,1.5133,1.4761,,,,,,,
262,51,1.3718,86,1.4565,1.2821,,,,,,,
263,36,1.1154,207,1.2341,0.6727,,,,,,,
264,38,2.1211,91,2.6038,1.9176,,,,,,,
265,37,1.5852,60,0.6875,0.6245,,,,,,,
266,42,2.5578,94,2.6143,2.3321,,,,,,,
267,24,2.6115,90,0.8825,0.8623,,,,,,,
268,64,1.8362,55,1.8887,1.5586,,,,,,,
269,26,1.6284,93,0.5316,0.2957,,,,,,,
270,44,2.1759,78,1.8650,1.8056,,,,,,,
271,49,1.0350,61,1.1796,1.0021,,,,,,,
272,16,5.6625,79,2.2925,2.0411,,,,,,,
273,46,1.7376,94,1.7177,1.4788,,,,,,,
274,50,1.2533,422,3.2852,1.1027,,,,,,,
275,47,1.1150,96,1.2087,1.0177,,,,,,,
276,75,1.5701,72,1.5488,1.5054,,,,,,,
277,35,0.8977,174,1.9764,0.7738,,,,,,,
278,26,2.7829,67,0.8164,0.7387,,,,,,,
279,42,2.2804,73,1.5293,1.4239,,,,,,,
280,35,1.9386,286,2.4997,1.2228,,,,,,,
281,47,2.5724,80,1.9723,1.8189,,,,,,,
282,49,1.6478,67,1.3515,1.3140,,,,,,,
283,35,1.3440,83,0.5542,0.5137,,,,,,,
284,30,1.1721,58,0.9361,0.8971,,,,,,,
285,40,1.2582,125,1.8591,1.2582,,,,,,,
286,186,2.5582,109,2.4076,2.2474,,,,,,,
287,29,1.6462,49,0.7389,0.6124,,,,,,,
288,55,1.6129,111,1.5191,1.3970,,,,,,,
289,34,1.1666,65,0.7675,0.7438,,,,,,,
290,226,2.6114,55,1.9043,1.8565,,,,,,,
291,32,1.8535,214,1.0761,0.9019,,,,,,,
292,19,2.6520,60,1.3477,1.3049,,,,,,,
293,29,2.8237,53,2.3702,1.8227,,,,,,,
294,15,4.9118,55,1.0087,0.8133,,,,,,,
295,45,0.5159,68,0.4639,0.4190,,,,,,,
296,34,1.4175,116,1.8232,1.1906,,,,,,,
297,81,0.2599,60,0.2380,0.2335,,,,,,,
298,42,0.6751,85,0.4211,0.3772,,,,,,,
299,57,1.3855,90,1.2817,1.2060,,,,,,,
300,31,0.7630,98,0.8874,0.3655,,,,,,,
301,90,1.3207,49,1.8395,1.2663,,,,,,,
302,42,0.8156,88,0.5789,0.5567,,,,,,,
303,52,2.9861,120,3.2414,2.7395,,,,,,,
304,41,0.9634,80,0.9612,0.7816,,,,,,,
305,31,1.7724,71,1.1471,1.0970,,,,,,,
306,50,0.3511,63,0.4456,0.3511,,,,,,,
307,50,0.9722,74,0.7576,0.7538,,,,,,,
308,61,0.7374,49,0.6881,0.6442,,,,,,,
309,58,0.5771,53,0.6301,0.3953,,,,,,,
310,31,3.6858,83,2.3485,2.2930,,,,,,,
311,51,2.1266,104,2.7579,2.0314,,,,,,,
312,42,2.3394,154,1.5915,1.4100,,,,,,,
313,43,1.6261,181,1.6532,1.2115,,,,,,,
314,52,1.1537,61,1.1703,1.1026,,,,,,,
315,600,0.6866,47,1.0935,0.6462,,,,,,,
316,69,2.1073,62,2.1566,1.7844,,,,,,,
317,45,1.5761,119,3.0612,1.4419,,,,,,,
318,25,2.2403,150,1.0548,0.7576,,,,,,,
319,57,1.2737,88,0.8323,0.8127,,,,,,,
320,24,2.9570,77,1.0242,0.8757,,,,,,,
321,28,2.7096,69,1.4868,1.4582,,,,,,,
322,39,1.5251,76,0.8015,0.7736,,,,,,,
323,32,2.8386,113,1.2567,1.2324,,,,,,,
324,23,2.3772,70,0.8739,0.8561,,,,,,,
325,57,1.3298,93,2.6766,0.7960,,,,,,,
326,11,6.4646,77,2.4344,2.3610,,,,,,,
327,45,0.9815,81,0.7329,0.7065,,,,,,,
328,31,1.8532,38,1.6945,1.4754,,,,,,,
329,26,2.7646,97,1.3044,1.2231,,,,,,,
330,21,2.9168,43,2.3850,2.1760,,,,,,,
331,38,2.1044,88,1.8187,1.6751,,,,,,,
332,35,1.7771,85,0.9573,0.8697,,,,,,,
333,61,2.3282,51,2.4660,2.2558,,,,,,,
334,54,0.9485,51,0.9658,0.7567,,,,,,,
335,34,0.5958,98,0.5217,0.2085,,,,,,,
336,29,2.2671,73,0.7576,0.6597,,,,,,,
337,25,3.2905,82,1.8923,1.8622,,,,,,,
338,47,0.7806,74,0.7568,0.6938,,,,,,,
339,46,0.8234,77,1.0303,0.7353,,,,,,,
340,38,1.1771,134,1.3024,0.6979,,,,,,,
341,86,1.7899,118,1.7570,1.7264,,,,,,,
342,35,2.5409,77,1.9605,1.8872,,,,,,,
343,48,0.4635,84,0.5165,0.3942,,,,,,,
344,56,1.0690,100,1.3283,0.9869,,,,,,,
345,56,0.9812,109,1.2593,0.9427,,,,,,,
346,24,2.1927,123,1.1810,0.8467,,,,,,,
347,30,2.4739,86,2.1200,1.8559,,,,,,,
348,23,2.6808,46,1.0478,0.6471,,,,,,,
349,46,1.8856,202,2.2261,1.5528,,,,,,,
350,31,1.7810,83,1.1339,1.0941,,,,,,,
351,32,1.0214,51,1.4169,1.0214,,,,,,,
352,46,1.6194,81,0.9838,0.8542,,,,,,,
353,30,1.9745,74,1.6127,1.4689,,,,,,,
354,30,3.0029,91,2.2775,2.1455,,,,,,,
355,49,2.5122,105,2.9953,2.2849,,,,,,,
356,20,3.2127,65,1.6835,1.5356,,,,,,,
357,37,0.8643,64,0.6240,0.5683,,,,,,,
358,334,1.9049,42,1.3569,1.0249,,,,,,,
359,44,2.0356,60,2.1416,2.0013,,,,,,,
360,27,4.3771,78,1.7225,1.4048,,,,,,,
361,24,3.3721,49,1.9908,1.5642,,,,,,,
362,49,0.4366,60,0.4093,0.3943,,,,,,,
363,35,1.2675,81,0.5803,0.5706,,,,,,,
364,25,2.7316,72,2.5431,2.2776,,,,,,,
365,45,1.4549,99,0.8639,0.8297,,,,,,,
366,71,2.1511,43,2.6109,1.9514,,,,,,,
367,23,3.5201,53,1.4299,1.1370,,,,,,,
368,40,1.9972,64,2.3258,1.8830,,,,,,,
369,49,1.4007,95,0.7597,0.7039,,,,,,,
370,33,4.0065,83,2.2517,1.8857,,,,,,,
371,74,1.2487,165,1.3842,1.1479,,,,,,,
372,27,4.6549,82,4.1846,3.9264,,,,,,,
373,18,3.2111,61,0.6085,0.5331,,,,,,,
374,133,1.8733,42,2.2136,1.8543,,,,,,,
375,32,2.0413,60,1.2007,0.9490,,,,,,,
376,60,0.3624,73,0.3852,0.3398,,,,,,,
377,57,1.4474,70,1.2592,1.1329,,,,,,,
378,64,0.7081,78,0.7812,0.6488,,,,,,,
379,600,2.0426,32,1.6176,1.4595,,,,,,,
380,46,1.1645,132,1.4971,1.0648,,,,,,,
381,28,1.4514,263,1.0228,0.6757,,,,,,,
382,47,2.8415,79,3.0331,2.7781,,,,,,,
383,85,0.3317,50,0.3966,0.3065,,,,,,,
384,38,0.9086,57,0.3393,0.2457,,,,,,,
385,107,1.7568,36,2.0902,1.7143,,,,,,,
386,37,0.9768,92,0.9257,0.6453,,,,,,,
387,40,2.1988,137,1.5166,1.4754,,,,,,,
388,47,0.1078,111,0.6324,0.0713,,,,,,,
389,33,2.9327,197,2.0672,1.6761,,,,,,,
390,46,0.5016,59,0.6022,0.5016,,,,,,,
391,37,0.7040,61,0.7643,0.5785,,,,,,,
392,54,0.8028,58,0.7666,0.7502,,,,,,,
393,600,1.9993,55,0.4714,0.4555,,,,,,,
394,41,0.9681,52,0.7341,0.6271,,,,,,,
395,48,2.2649,114,2.5427,2.1078,,,,,,,
396,40,2.1924,68,1.7625,1.7157,,,,,,,
397,31,1.8742,66,0.8204,0.8064,,,,,,,
398,18,7.0643,50,3.6824,3.6274,,,,,,,
399,40,1.2374,44,1.2807,1.2374,,,,,,,
400,14,3.7789,92,1.2913,1.2212,,,,,,,
401,22,1.7208,46,1.6320,1.5095,,,,,,,
402,36,1.6391,110,1.5196,1.3275,,,,,,,
403,27,1.8979,91,1.1550,1.1142,,,,,,,
404,34,2.2043,41,2.0739,2.0328,,,,,,,
405,91,1.4957,50,1.8018,1.4664,,,,,,,
406,34,1.0073,44,1.0136,0.9356,,,,,,,
407,35,1.3347,43,1.0617,0.6925,,,,,,,
408,27,2.6766,97,0.6377,0.6136,,,,,,,
409,65,1.7170,73,1.7709,1.7072,,,,,,,
410,18,4.5197,55,1.8111,1.4751,,,,,,,
411,47,3.4026,83,2.2433,2.0200,,,,,,,
412,38,2.1873,58,2.1056,2.0134,,,,,,,
413,76,1.2596,229,2.3255,1.1806,,,,,,,
414,25,1.5843,47,0.9615,0.9615,,,,,,,
415,68,0.5903,102,0.7019,0.5471,,,,,,,
416,28,4.6880,110,2.3276,2.2832,,,,,,,
417,20,1.8191,44,0.8559,0.7895,,,,,,,
418,25,5.1344,112,1.3150,1.2435,,,,,,,
419,40,0.5314,82,0.6127,0.3662,,,,,,,
420,120,1.3146,53,1.4333,1.2885,,,,,,,
421,29,1.8597,73,1.1452,1.0993,,,,,,,
422,28,1.7711,123,2.6957,1.6438,,,,,,,
423,31,2.1826,59,1.4627,1.4503,,,,,,,
424,30,3.5141,71,1.9418,1.8781,,,,,,,
425,42,0.4558,56,0.4703,0.4001,,,,,,,
426,32,3.0815,94,1.3874,1.3079,,,,,,,
427,410,2.1799,47,2.9092,1.9212,,,,,,,
428,34,1.4280,66,0.8076,0.7769,,,,,,,
429,39,1.4846,96,1.2595,1.0958,,,,,,,
430,35,2.5098,108,0.8065,0.7312,,,,,,,
431,13,6.0125,59,2.8622,2.2825,,,,,,,
432,56,0.7244,54,0.6869,0.5755,,,,,,,
433,41,1.7435,86,2.0697,1.6374,,,,,,,
434,24,4.4966,62,1.8934,1.7577,,,,,,,
435,600,1.8883,84,1.4514,1.4186,,,,,,,
436,27,3.8448,102,2.7423,2.6806,,,,,,,
437,56,0.6245,94,0.8453,0.6041,,,,,,,
438,48,2.2123,52,2.0636,1.5350,,,,,,,
439,44,1.0609,117,0.8285,0.6122,,,,,,,
440,47,3.4982,60,3.0424,2.7085,,,,,,,
441,29,1.9432,62,0.3450,0.2652,,,,,,,
442,45,1.2942,79,1.1592,1.0858,,,,,,,
443,48,1.3297,47,1.3313,1.2210,,,,,,,
444,56,1.6752,65,1.5218,1.2855,,,,,,,
445,32,2.6326,60,0.9579,0.6171,,,,,,,
446,42,0.3778,82,0.4849,0.3036,,,,,,,
447,46,1.1371,69,0.7836,0.6340,,,,,,,
448,28,3.6740,71,1.3834,1.2682,,,,,,,
449,57,1.1391,60,1.0845,1.0233,,,,,,,
450,44,2.5688,79,1.9063,1.7782,,,,,,,
451,19,4.1307,60,1.7100,1.3867,,,,,,,
452,26,1.7719,63,0.7673,0.7673,,,,,,,
453,27,2.0249,69,0.2616,0.2533,,,,,,,
454,19,4.6576,72,1.5138,1.3916,,,,,,,
455,32,1.6334,47,1.0139,0.8093,,,,,,,
456,28,1.9690,59,0.9234,0.8835,,,,,,,
457,20,4.4318,92,1.4955,1.4469,,,,,,,
458,44,0.7592,115,0.4884,0.3669,,,,,,,
459,36,1.4404,43,1.0261,0.6700,,,,,,,
460,29,1.7389,51,0.9082,0.7557,,,,,,,
461,27,0.6792,57,0.1251,0.0597,,,,,,,
462,25,2.7748,164,1.3069,1.2708,,,,,,,
463,42,0.4609,104,0.3490,0.2304,,,,,,,
464,28,4.3828,77,2.6181,2.5096,,,,,,,
465,26,1.8908,76,1.1001,0.9845,,,,,,,
466,32,1.7430,110,1.7398,1.1813,,,,,,,
467,70,1.0292,52,1.1458,0.9640,,,,,,,
468,55,1.6678,72,1.7298,1.6382,,,,,,,
469,37,0.8241,86,0.7939,0.4799,,,,,,,
470,36,1.5115,74,1.1367,1.1015,,,,,,,
471,29,2.5804,68,1.9439,1.8581,,,,,,,
472,33,1.9188,115,0.8156,0.8093,,,,,,,
473,38,3.2327,53,2.7319,1.8555,,,,,,,
474,600,2.1371,51,2.6156,1.9627,,,,,,,
475,16,3.8475,67,0.7346,0.6796,,,,,,,
476,33,1.1123,103,0.5587,0.4442,,,,,,,
477,22,2.4130,83,0.9044,0.9039,,,,,,,
478,38,0.5071,60,0.7570,0.4681,,,,,,,
479,600,3.3973,35,1.4714,1.3968,,,,,,,
480,20,4.0471,58,1.9262,1.8695,,,,,,,
481,29,1.0231,123,1.3264,0.5957,,,,,,,
482,44,0.8995,151,0.3150,0.1188,,,,,,,
483,66,1.4750,60,1.4463,1.3351,,,,,,,
484,25,1.6345,93,0.3284,0.3129,,,,,,,
485,28,2.2898,66,1.2976,1.2219,,,,,,,
486,127,1.0279,52,0.7502,0.6986,,,,,,,
487,27,2.9482,102,1.2542,1.2203,,,,,,,
488,33,3.1389,80,1.4779,1.4506,,,,,,,
489,31,0.7269,77,0.4273,0.2309,,,,,,,
490,149,2.4809,40,3.2285,2.4551,,,,,,,
491,26,3.2508,52,2.5714,2.3767,,,,,,,
492,30,1.5102,112,1.4231,0.8983,,,,,,,
493,143,3.6546,60,2.9240,2.5070,,,,,,,
494,20,4.8219,111,2.0394,2.0086,,,,,,,
495,32,1.3845,80,0.8407,0.6912,,,,,,,
496,34,0.5400,104,1.5196,0.4595,,,,,,,
497,68,1.8668,215,3.5788,1.6790,,,,,,,
498,205,0.6951,61,0.1384,0.1326,,,,,,,
499,27,4.1658,112,1.4863,1.4632,,,,,,,
500,24,3.8581,110,1.3180,1.2972,,,,,,,
501,68,3.3406,107,3.8376,3.2182,,,,,,,
502,86,2.6283,48,2.6282,2.4814,,,,,,,
503,40,1.1733,77,1.0231,0.9389,,,,,,,
504,22,3.7956,68,1.2466,1.2283,,,,,,,
505,36,2.1445,71,2.4001,2.0120,,,,,,,
506,55,1.3955,52,1.4180,1.2912,,,,,,,
507,57,0.9216,103,0.9623,0.8141,,,,,,,
508,30,0.6818,51,0.3337,0.3157,,,,,,,
509,41,0.8777,81,1.1629,0.7531,,,,,,,
510,27,2.3816,88,0.7350,0.7146,,,,,,,
511,41,3.3082,47,2.8224,1.7780,,,,,,,
512,42,4.9525,49,4.6111,3.1945,,,,,,,
513,65,1.0257,77,0.9358,0.9261,,,,,,,
514,59,1.4581,84,1.2883,1.2861,,,,,,,
515,30,0.9283,138,1.0057,0.4253,,,,,,,
516,60,0.9188,66,1.0111,0.6943,,,,,,,
517,58,2.6328,90,2.5982,2.4963,,,,,,,
518,14,4.9548,85,1.5306,1.5205,,,,,,,
519,32,1.4308,55,1.4786,1.3138,,,,,,,
520,80,1.6400,55,1.6659,1.6123,,,,,,,
521,69,4.2155,52,4.3608,4.1434,,,,,,,
522,58,0.8626,83,1.0597,0.8075,,,,,,,
523,19,3.0475,126,1.1006,0.8973,,,,,,,
524,40,0.7925,47,0.5926,0.4621,,,,,,,
525,31,1.9498,53,1.0425,0.8614,,,,,,,
526,31,3.8100,74,2.5427,2.5427,,,,,,,
527,31,2.5699,66,1.6002,1.5743,,,,,,,
528,47,0.3835,71,0.2943,0.2858,,,,,,,
529,21,4.5636,74,1.5891,1.1695,,,,,,,
530,29,1.1419,42,0.4800,0.4020,,,,,,,
531,34,1.7901,65,0.7350,0.6545,,,,,,,
532,54,0.8101,99,0.6102,0.5980,,,,,,,
533,19,2.6419,68,0.7277,0.5558,,,,,,,
534,50,2.1705,72,1.9096,1.8560,,,,,,,
535,24,3.3133,48,1.8822,1.4223,,,,,,,
536,48,2.9943,38,3.3745,1.9403,,,,,,,
537,40,0.9087,100,0.4607,0.3494,,,,,,,
538,49,1.7167,76,1.3955,1.3955,,,,,,,
539,27,1.6306,74,0.4617,0.4487,,,,,,,
540,50,0.3686,92,0.2423,0.2268,,,,,,,
541,23,4.0592,58,1.3985,1.1065,,,,,,,
542,21,2.1612,72,0.4380,0.4305,,,,,,,
543,600,1.8554,41,0.5182,0.3011,,,,,,,
544,45,1.3529,105,0.7645,0.7538,,,,,,,
545,42,1.9870,63,1.1561,0.9774,,,,,,,
546,15,3.5891,56,1.0198,0.6978,,,,,,,
547,19,5.7655,137,3.3554,3.3413,,,,,,,
548,21,3.7914,78,1.8255,1.8005,,,,,,,
549,37,1.8468,58,1.3882,1.3369,,,,,,,
550,27,0.5689,112,1.2800,0.5516,,,,,,,
551,44,0.5201,178,1.6786,0.3918,,,,,,,
552,89,1.6956,103,1.6722,1.6480,,,,,,,
553,36,2.1592,53,2.2273,2.0293,,,,,,,
554,31,1.9834,74,0.8626,0.8582,,,,,,,
555,31,2.9913,171,1.3718,1.2425,,,,,,,
556,45,2.4572,58,2.0570,1.5227,,,,,,,
557,44,0.8763,66,0.5980,0.5591,,,,,,,
558,22,4.9094,77,3.6850,3.6218,,,,,,,
559,11,4.6714,86,2.3625,2.3279,,,,,,,
560,27,1.3541,65,0.7355,0.6913,,,,,,,
561,54,2.4090,63,2.2703,2.1493,,,,,,,
562,27,3.9273,136,2.5796,2.5346,,,,,,,
563,44,2.1562,80,1.3674,1.2356,,,,,,,
564,73,1.2187,66,1.1453,0.6848,,,,,,,
565,69,2.4840,80,2.5583,2.3856,,,,,,,
566,59,0.7600,58,0.7727,0.5113,,,,,,,
567,600,1.0797,36,1.1799,0.8978,,,,,,,
568,28,1.0735,73,0.6509,0.3783,,,,,,,
569,37,4.2984,68,2.7678,1.9556,,,,,,,
570,30,2.0465,94,1.5773,1.4638,,,,,,,
571,33,1.8378,134,1.4391,1.0312,,,,,,,
572,45,0.8731,75,0.4139,0.4073,,,,,,,
573,44,0.9130,65,0.7051,0.6978,,,,,,,
574,18,4.8705,56,3.9792,3.8490,,,,,,,
575,38,0.8534,57,0.6316,0.6204,,,,,,,
576,51,0.7058,51,0.7058,0.6514,,,,,,,
577,38,2.2173,97,2.2316,1.8936,,,,,,,
578,22,2.2409,73,1.0185,0.9763,,,,,,,
579,41,0.9408,113,2.3379,0.9197,,,,,,,
580,32,0.8092,86,0.7109,0.3258,,,,,,,
581,27,2.8247,94,0.9798,0.9558,,,,,,,
582,27,1.3977,47,1.5480,1.2977,,,,,,,
583,600,1.6148,54,1.1097,0.8414,,,,,,,
584,12,3.5547,81,1.8692,1.7455,,,,,,,
585,43,3.0257,98,3.3997,2.8212,,,,,,,
586,23,3.2602,83,1.1443,1.0938,,,,,,,
587,117,1.3260,252,2.2548,1.1026,,,,,,,
588,36,1.4927,85,1.4769,1.3569,,,,,,,
589,55,1.7121,119,1.2536,1.1947,,,,,,,
590,39,3.4749,94,2.6831,2.6278,,,,,,,
591,35,0.9093,70,0.7215,0.5847,,,,,,,
592,37,2.2511,99,1.6212,1.5919,,,,,,,
593,49,1.2348,81,0.5458,0.4379,,,,,,,
594,31,1.2396,48,0.8786,0.7193,,,,,,,
595,31,2.7029,99,1.2670,1.2423,,,,,,,
596,34,1.1336,84,0.4165,0.3935,,,,,,,
597,600,1.3941,39,0.5618,0.5293,,,,,,,
598,42,1.6907,280,1.1936,0.6938,,,,,,,
599,28,0.6941,70,0.4984,0.2597,,,,,,,
600,21,3.6321,139,0.7990,0.7517,,,,,,,
601,32,1.1253,108,0.5882,0.4612,,,,,,,
602,32,1.5833,67,0.6852,0.6494,,,,,,,
603,51,1.4455,79,1.6231,1.3769,,,,,,,
604,23,3.1246,160,2.0224,1.8861,,,,,,,
605,23,2.7066,82,1.6279,1.5758,,,,,,,
606,41,3.6667,71,2.8717,2.5772,,,,,,,
607,20,3.4410,50,1.7365,1.3375,,,,,,,
608,78,0.8334,43,1.1925,0.7831,,,,,,,
609,25,1.6248,70,1.3190,1.2697,,,,,,,
610,42,2.1110,91,2.6456,2.0222,,,,,,,
611,18,1.5424,60,0.8626,0.7984,,,,,,,
612,36,2.3055,70,1.8314,1.7788,,,,,,,
613,23,3.7374,53,1.5690,1.5211,,,,,,,
614,36,1.0374,65,1.0785,0.9438,,,,,,,
615,28,1.1289,143,0.6192,0.2691,,,,,,,
616,24,1.2136,110,1.9632,0.9231,,,,,,,
617,89,2.4253,40,2.8874,2.3881,,,,,,,
618,25,2.4494,95,2.0504,1.6519,,,,,,,
619,51,1.0288,55,0.9560,0.9109,,,,,,,
620,27,2.2632,53,1.8992,1.7928,,,,,,,
621,51,1.6422,30,1.8710,1.4565,,,,,,,
622,31,1.9476,73,0.9052,0.6768,,,,,,,
623,38,0.7139,50,0.6369,0.6357,,,,,,,
624,36,1.8286,90,1.1342,1.0106,,,,,,,
625,50,2.6100,44,2.6378,2.1947,,,,,,,
626,29,3.5066,54,2.7414,2.5006,,,,,,,
627,46,1.7104,81,1.6561,1.5835,,,,,,,
628,34,1.6346,80,0.9526,0.9037,,,,,,,
629,27,2.5696,105,1.6078,1.5301,,,,,,,
630,40,0.8576,70,0.4373,0.4089,,,,,,,
631,24,2.7456,46,2.0411,1.9200,,,,,,,
632,61,1.0226,92,1.3655,0.9955,,,,,,,
633,27,2.4128,56,1.6060,1.4869,,,,,,,
634,18,1.8961,65,0.7476,0.7328,,,,,,,
635,41,2.0608,34,2.2192,1.4904,,,,,,,
636,26,5.5491,167,2.5888,2.5300,,,,,,,
637,30,1.9657,52,1.1388,1.1239,,,,,,,
638,26,4.3919,64,2.6114,2.3428,,,,,,,
639,32,3.4994,101,1.2403,1.1691,,,,,,,
640,34,3.0753,116,1.3010,1.2820,,,,,,,
641,42,0.3749,80,0.2254,0.1369,,,,,,,
642,26,2.6416,65,1.2988,1.2826,,,,,,,
643,77,2.1960,43,2.4426,2.1389,,,,,,,
644,46,1.3539,44,1.4212,1.0593,,,,,,,
645,23,2.1162,127,0.8209,0.7923,,,,,,,
646,29,0.9628,67,0.4192,0.3918,,,,,,,
647,39,1.5289,94,0.7327,0.7175,,,,,,,
648,25,1.1221,57,0.3999,0.3866,,,,,,,
649,39,1.3269,75,1.5242,1.2105,,,,,,,
650,23,8.0520,86,4.2364,4.0343,,,,,,,
651,58,2.4677,63,2.5722,2.1995,,,,,,,
652,39,1.2541,105,1.6089,1.0859,,,,,,,
653,35,1.8647,76,1.1304,1.0771,,,,,,,
654,46,1.1130,142,1.3146,0.7554,,,,,,,
655,29,2.0184,124,1.1352,0.9806,,,,,,,
656,29,1.9974,125,0.7495,0.6656,,,,,,,
657,33,3.8669,106,2.7271,2.6721,,,,,,,
658,38,0.4350,111,1.1643,0.3814,,,,,,,
659,28,2.7437,221,2.3978,1.6787,,,,,,,
660,28,1.8179,69,0.4865,0.4738,,,,,,,
661,42,1.7431,64,1.2810,1.2069,,,,,,,
662,89,1.6965,48,1.9995,1.6810,,,,,,,
663,49,1.1870,65,1.0896,1.0649,,,,,,,
664,26,2.6610,93,0.8794,0.8584,,,,,,,
665,46,1.5444,72,1.2514,1.2460,,,,,,,
666,29,1.4708,41,1.1613,1.1445,,,,,,,
667,59,2.3907,51,2.5696,2.1572,,,,,,,
668,63,0.5349,94,0.8913,0.4421,,,,,,,
669,41,0.8689,238,2.4241,0.8369,,,,,,,
670,39,1.9659,109,1.5078,1.3720,,,,,,,
671,21,2.7580,41,1.6502,1.0853,,,,,,,
672,29,2.7588,82,1.6890,1.6752,,,,,,,
673,43,1.7365,263,2.0473,1.3470,,,,,,,
674,69,3.5797,55,3.6221,3.3843,,,,,,,
675,56,0.5582,58,0.5291,0.5072,,,,,,,
676,30,2.2792,100,1.5336,1.3816,,,,,,,
677,33,2.4303,125,1.6756,1.4257,,,,,,,
678,32,2.5243,57,1.5460,1.3492,,,,,,,
679,20,1.9797,83,0.1579,0.1567,,,,,,,
680,15,7.8473,50,2.8608,2.4099,,,,,,,
681,25,3.0026,82,0.5905,0.4678,,,,,,,
682,24,3.4356,113,1.2462,1.1445,,,,,,,
683,25,2.4530,106,1.3583,1.2181,,,,,,,
684,26,2.4744,122,0.6752,0.5708,,,,,,,
685,45,0.7314,79,0.6049,0.4993,,,,,,,
686,30,2.7329,56,2.4388,2.3413,,,,,,,
687,16,3.6253,49,4.1152,3.5202,,,,,,,
688,158,1.6347,48,1.8506,1.5234,,,,,,,
689,34,1.3395,103,1.4115,0.9238,,,,,,,
690,40,3.1957,78,2.5806,2.5252,,,,,,,
691,139,2.0290,73,0.9005,0.5250,,,,,,,
692,30,2.1410,90,0.3539,0.3464,,,,,,,
693,37,1.8319,67,0.5341,0.4361,,,,,,,
694,38,0.8965,80,0.6337,0.5423,,,,,,,
695,27,1.7149,82,0.9770,0.9462,,,,,,,
696,40,2.4069,92,1.7204,1.6369,,,,,,,
697,20,2.0396,54,0.4550,0.4266,,,,,,,
698,22,2.9071,68,0.5093,0.4452,,,,,,,
699,51,1.0697,76,1.0215,0.9542,,,,,,,
700,39,2.2745,90,2.2643,1.9426,,,,,,,
701,40,5.5075,121,4.7147,4.5689,,,,,,,
702,41,1.2206,63,0.8489,0.8088,,,,,,,
703,73,2.1660,65,2.1825,2.0879,,,,,,,
704,67,0.5038,58,0.5372,0.4772,,,,,,,
705,25,3.4586,108,2.0407,1.9395,,,,,,,
706,24,3.0401,82,1.1444,1.0773,,,,,,,
707,81,1.1145,72,1.0312,0.9770,,,,,,,
708,24,3.1025,78,1.0222,1.0078,,,,,,,
709,36,1.6677,95,1.0097,0.9928,,,,,,,
710,18,3.7879,64,1.2265,1.1475,,,,,,,
711,33,1.9713,61,1.1608,1.1608,,,,,,,
712,56,1.4173,90,1.4892,1.3424,,,,,,,
713,27,2.2637,99,1.3402,1.2985,,,,,,,
714,57,2.4158,74,2.3312,2.3048,,,,,,,
715,72,0.9616,57,0.8660,0.8476,,,,,,,
716,34,2.1591,65,1.2257,1.1828,,,,,,,
717,64,0.5648,82,0.8298,0.3693,,,,,,,
718,16,5.0942,143,0.8882,0.8618,,,,,,,
719,39,2.6644,144,2.7101,2.1952,,,,,,,
720,27,3.1997,75,1.4334,1.4334,,,,,,,
721,36,1.7839,55,1.2270,1.1746,,,,,,,
722,53,2.1552,73,2.0841,2.0108,,,,,,,
723,29,2.6557,63,1.3495,1.2150,,,,,,,
724,26,1.2359,88,0.5260,0.4010,,,,,,,
725,19,2.5938,91,0.3790,0.3354,,,,,,,
726,58,1.5155,60,1.4814,1.0444,,,,,,,
727,24,2.0040,45,2.1695,1.9123,,,,,,,
728,27,2.8210,76,2.1112,1.9871,,,,,,,
729,71,1.1583,63,1.0934,1.0769,,,,,,,
730,19,4.1231,89,0.7595,0.6105,,,,,,,
731,600,3.4424,36,2.2543,2.1721,,,,,,,
732,33,1.3478,89,1.1286,1.0983,,,,,,,
733,42,1.2382,59,0.9343,0.8892,,,,,,,
734,35,3.2436,64,2.4599,2.2989,,,,,,,
735,37,0.6364,104,0.7485,0.4329,,,,,,,
736,29,0.8282,59,0.6305,0.5464,,,,,,,
737,36,1.2829,67,0.5696,0.5258,,,,,,,
738,29,1.7227,129,1.6510,1.1372,,,,,,,
739,27,2.6663,54,1.3284,1.0813,,,,,,,
740,58,0.3645,154,0.9658,0.3060,,,,,,,
741,39,0.7569,68,0.5884,0.5060,,,,,,,
742,30,1.1837,128,1.2131,0.8287,,,,,,,
743,28,1.9555,66,0.6492,0.6481,,,,,,,
744,79,0.3328,68,0.3650,0.3115,,,,,,,
745,34,2.1664,61,2.5296,2.1518,,,,,,,
746,37,2.7511,91,2.7225,2.5410,,,,,,,
747,98,1.5172,76,1.6234,1.4969,,,,,,,
748,21,3.3214,53,1.9402,1.6691,,,,,,,
749,36,2.6960,60,1.7021,1.3776,,,,,,,
750,42,1.3511,126,1.1341,0.9580,,,,,,,
751,26,3.8959,70,1.7639,1.7357,,,,,,,
752,35,1.5884,63,1.1109,1.0537,,,,,,,
753,28,2.5412,153,1.7324,1.4746,,,,,,,
754,48,0.5970,105,0.4961,0.3802,,,,,,,
755,41,1.0671,55,0.9731,0.9635,,,,,,,
756,26,1.5882,78,0.7449,0.6022,,,,,,,
757,32,4.0048,70,1.9242,1.5880,,,,,,,
758,48,0.7086,102,0.5031,0.4295,,,,,,,
759,25,1.8826,131,0.7761,0.4914,,,,,,,
760,37,3.4594,72,2.1380,1.9746,,,,,,,
761,30,1.4417,98,1.4739,1.1644,,,,,,,
762,34,1.1555,60,0.7056,0.6707,,,,,,,
763,34,2.2612,160,2.0114,1.6644,,,,,,,
764,39,1.1565,59,0.4586,0.3558,,,,,,,
765,38,2.4965,54,1.9053,1.7560,,,,,,,
766,43,0.5546,65,0.1706,0.1482,,,,,,,
767,35,1.2460,63,1.5687,1.1743,,,,,,,
768,48,1.9570,85,2.1272,1.8905,,,,,,,
769,34,1.2664,48,1.0960,1.0595,,,,,,,
770,51,1.7729,77,1.3637,1.3307,,,,,,,
771,30,1.2381,69,0.5177,0.4431,,,,,,,
772,62,1.1920,73,1.0943,1.0589,,,,,,,
773,73,0.5743,66,0.5519,0.5328,,,,,,,
774,30,3.8725,48,2.2789,1.7854,,,,,,,
775,23,2.8891,50,1.5259,1.5126,,,,,,,
776,23,3.5687,100,0.4267,0.4006,,,,,,,
777,26,1.5853,64,0.2343,0.2015,,,,,,,
778,30,2.0760,110,0.4793,0.4476,,,,,,,
779,22,3.5990,56,1.5351,1.4175,,,,,,,
780,48,1.7550,66,1.1958,0.9082,,,,,,,
781,18,4.5393,62,1.4040,0.9747,,,,,,,
782,47,2.3899,48,2.3335,1.8459,,,,,,,
783,28,1.8314,60,0.2732,0.2270,,,,,,,
784,41,0.6123,77,0.6369,0.4855,,,,,,,
785,28,5.2062,108,2.5192,2.4837,,,,,,,
786,600,1.8507,43,1.7625,1.3959,,,,,,,
787,39,0.8673,70,0.6329,0.5573,,,,,,,
788,39,1.6023,28,1.8767,1.3717,,,,,,,
789,42,1.3366,121,0.6239,0.5601,,,,,,,
790,11,3.3530,81,1.1577,1.0718,,,,,,,
791,29,3.4398,41,2.8905,2.0627,,,,,,,
792,32,1.4221,130,1.1238,0.6507,,,,,,,
793,37,0.9782,59,0.8683,0.8144,,,,,,,
794,20,4.0737,71,1.6907,1.4623,,,,,,,
795,23,1.8476,48,0.4518,0.4216,,,,,,,
796,38,5.3485,101,5.4325,5.1331,,,,,,,
797,600,2.1600,36,2.5962,1.8385,,,,,,,
798,20,2.2633,95,1.3721,1.3709,,,,,,,
799,82,2.2020,38,2.5466,2.1289,,,,,,,
800,43,1.7674,52,1.5911,1.4385,,,,,,,
801,40,0.7883,66,0.6173,0.5933,,,,,,,
802,22,4.6786,59,2.4287,2.4047,,,,,,,
803,43,2.1385,80,2.5437,2.0781,,,,,,,
804,39,1.7794,72,1.5154,1.4234,,,,,,,
805,35,1.5619,82,0.4701,0.4596,,,,,,,
806,53,0.4994,59,0.5399,0.4994,,,,,,,
807,38,0.8563,93,0.5191,0.3296,,,,,,,
808,27,1.3029,54,0.6464,0.6072,,,,,,,
809,21,1.0507,55,0.4186,0.2738,,,,,,,
810,24,2.4695,45,1.2650,0.7755,,,,,,,
811,25,2.2122,135,1.3287,1.1638,,,,,,,
812,16,5.2909,58,2.1886,1.9599,,,,,,,
813,39,1.6421,266,1.6905,1.0267,,,,,,,
814,31,2.5470,110,1.4376,1.2680,,,,,,,
815,22,4.2709,65,2.5029,2.4213,,,,,,,
816,35,1.3316,56,0.6943,0.4871,,,,,,,
817,48,2.7066,141,3.0694,2.4777,,,,,,,
818,24,1.3202,74,1.8761,1.0633,,,,,,,
819,45,1.5624,84,0.7979,0.7385,,,,,,,
820,26,6.0041,66,2.6369,2.3242,,,,,,,
821,33,1.3818,88,0.5217,0.4734,,,,,,,
822,23,3.4743,111,1.1627,1.0757,,,,,,,
823,74,1.5230,45,1.6139,1.4380,,,,,,,
824,45,1.8018,71,1.5589,1.5303,,,,,,,
825,22,4.9083,149,2.9747,2.8956,,,,,,,
826,41,1.9958,44,1.8847,1.2306,,,,,,,
827,54,0.5243,63,0.5140,0.4742,,,,,,,
828,37,3.0068,88,2.4604,2.3516,,,,,,,
829,36,0.8773,64,0.6102,0.5888,,,,,,,
830,29,3.4105,110,1.6150,1.5981,,,,,,,
831,14,3.0582,45,2.0160,1.8164,,,,,,,
832,35,1.0065,43,0.7919,0.5756,,,,,,,
833,46,1.8309,75,1.5658,1.5215,,,,,,,
834,56,1.2717,125,1.2119,1.0749,,,,,,,
835,35,1.7853,85,1.5169,1.4494,,,,,,,
836,55,0.9940,78,0.7693,0.7576,,,,,,,
837,90,1.6311,95,1.6437,1.3844,,,,,,,
838,59,2.2361,107,2.2846,2.1663,,,,,,,
839,34,1.0533,76,0.8225,0.6962,,,,,,,
840,39,1.9204,156,2.1087,1.5040,,,,,,,
841,20,3.5802,76,0.8106,0.7744,,,,,,,
842,19,4.7420,89,2.7186,2.6762,,,,,,,
843,28,2.7622,87,1.5301,1.4391,,,,,,,
844,31,0.8640,56,0.3364,0.3364,,,,,,,
845,600,0.7043,52,1.4836,0.6333,,,,,,,
846,208,0.7812,49,1.2746,0.7235,,,,,,,
847,33,1.9229,76,0.9589,0.9179,,,,,,,
848,19,2.6918,57,1.1043,0.9784,,,,,,,
849,49,1.3430,46,1.3580,1.2799,,,,,,,
850,33,1.6782,60,1.6482,1.4567,,,,,,,
851,20,4.6471,82,1.8644,1.6903,,,,,,,
852,33,2.3472,81,0.8029,0.8015,,,,,,,
853,55,0.5721,76,0.4611,0.4611,,,,,,,
854,21,3.0362,47,1.0021,0.6857,,,,,,,
855,57,0.9046,79,0.8651,0.8310,,,,,,,
856,26,2.1065,77,1.8258,1.6359,,,,,,,
857,16,2.8896,71,1.0312,0.9769,,,,,,,
858,33,0.9303,99,0.8276,0.4737,,,,,,,
859,89,1.6838,137,2.0088,1.6050,,,,,,,
860,99,0.4071,159,0.6825,0.3014,,,,,,,
861,32,0.9206,67,0.9576,0.7410,,,,,,,
862,76,0.3978,63,0.4738,0.3101,,,,,,,
863,35,1.1906,70,0.7318,0.6344,,,,,,,
864,42,0.8926,58,0.6479,0.6358,,,,,,,
865,23,2.0762,50,1.1649,1.1322,,,,,,,
866,52,1.0818,74,0.9629,0.9380,,,,,,,
867,29,2.5419,106,1.2358,1.2026,,,,,,,
868,43,1.1999,64,0.8300,0.8300,,,,,,,
869,30,1.3364,52,1.0103,0.9830,,,,,,,
870,35,0.5533,51,0.5517,0.4904,,,,,,,
871,23,3.4071,40,1.7537,1.1538,,,,,,,
872,37,0.3675,51,0.2628,0.2622,,,,,,,
873,42,0.3450,91,0.9636,0.3405,,,,,,,
874,46,0.7204,152,0.9247,0.4481,,,,,,,
875,46,1.0694,76,1.2754,0.9660,,,,,,,
876,23,3.3809,71,0.8866,0.8730,,,,,,,
877,40,2.5601,83,2.7154,2.5601,,,,,,,
878,34,3.2802,104,2.2158,2.1483,,,,,,,
879,22,3.6889,49,1.5741,1.1740,,,,,,,
880,51,1.8308,85,1.7932,1.6913,,,,,,,
881,106,1.4337,42,1.6115,1.4059,,,,,,,
882,22,2.0023,97,0.5779,0.5599,,,,,,,
883,19,4.1130,64,1.5469,1.2750,,,,,,,
884,38,2.6174,64,2.8333,2.5805,,,,,,,
885,29,3.2037,66,1.8814,1.8733,,,,,,,
886,50,1.4831,45,1.6198,0.9499,,,,,,,
887,39,0.6435,83,0.4488,0.3336,,,,,,,
888,32,2.9062,95,1.3510,1.3038,,,,,,,
889,47,1.3881,68,1.2425,1.2425,,,,,,,
890,23,2.7745,46,1.8649,1.8490,,,,,,,
891,28,1.6830,38,1.3769,1.3769,,,,,,,
892,32,3.2051,89,1.3707,1.3367,,,,,,,
893,56,1.0744,107,1.3308,1.0030,,,,,,,
894,43,2.5938,57,2.4915,2.3828,,,,,,,
895,64,2.3551,60,2.3784,2.0491,,,,,,,
896,34,1.9580,124,0.6673,0.6634,,,,,,,
897,47,2.0042,76,1.7848,1.7512,,,,,,,
898,25,6.9782,76,3.9909,3.6493,,,,,,,
899,29,3.4308,174,2.5755,2.2401,,,,,,,
900,30,0.8327,55,0.6920,0.6310,,,,,,,
901,22,2.7912,58,0.5127,0.3622,,,,,,,
902,22,4.1112,72,2.7167,2.4510,,,,,,,
903,27,2.6867,88,1.1969,1.1370,,,,,,,
904,38,0.9294,94,1.1885,0.8733,,,,,,,
905,32,1.9266,70,1.2040,1.1878,,,,,,,
906,26,2.2290,76,0.9626,0.9626,,,,,,,
907,26,2.1185,43,1.0516,0.9345,,,,,,,
908,38,2.6336,71,2.6483,2.4179,,,,,,,
909,19,2.4884,58,0.7676,0.6440,,,,,,,
910,36,0.8668,131,0.9542,0.4000,,,,,,,
911,129,1.9492,55,1.9218,1.7841,,,,,,,
912,38,2.1125,55,1.8258,1.7315,,,,,,,
913,24,3.0228,78,1.2995,1.2745,,,,,,,
914,27,2.6388,105,1.9248,1.6831,,,,,,,
915,20,4.2989,49,2.8184,2.4581,,,,,,,
916,43,2.3438,86,2.0762,1.9311,,,,,,,
917,21,3.8622,80,1.5804,1.5114,,,,,,,
918,56,1.6565,145,1.6876,1.4543,,,,,,,
919,27,2.5997,85,1.9509,1.8244,,,,,,,
920,42,0.7690,160,1.2455,0.4710,,,,,,,
921,38,1.9155,79,2.0267,1.7557,,,,,,,
922,29,0.9900,79,1.1883,0.7143,,,,,,,
923,61,1.0295,197,2.0031,0.9642,,,,,,,
924,17,3.4927,75,0.3861,0.2603,,,,,,,
925,26,6.6629,72,3.9532,3.8085,,,,,,,
926,49,1.1302,110,1.1190,0.9241,,,,,,,
927,57,1.0288,124,1.5743,0.9692,,,,,,,
928,21,1.2142,58,0.8004,0.7207,,,,,,,
929,59,2.0676,98,3.3050,1.5001,,,,,,,
930,32,1.1999,62,0.8459,0.7888,,,,,,,
931,30,1.3781,74,1.1578,0.9478,,,,,,,
932,76,1.2655,50,1.5228,1.2386,,,,,,,
933,57,1.7697,77,1.6690,1.6355,,,,,,,
934,48,2.1597,116,1.6438,1.6003,,,,,,,
935,27,3.7155,72,0.6985,0.6125,,,,,,,
936,62,0.7306,108,1.0885,0.6951,,,,,,,
937,31,3.0624,72,1.8202,1.8202,,,,,,,
938,24,2.1442,98,1.3545,1.1869,,,,,,,
939,21,4.5402,88,2.4721,2.0584,,,,,,,
940,47,2.2447,89,2.3748,2.2300,,,,,,,
941,18,2.9239,86,1.2936,1.1403,,,,,,,
942,53,0.6618,106,1.0990,0.5639,,,,,,,
943,31,1.6492,53,0.8516,0.7717,,,,,,,
944,41,2.0035,69,1.6926,1.6334,,,,,,,
945,40,2.0792,127,2.0325,1.6238,,,,,,,
946,170,2.2983,80,1.8297,1.7483,,,,,,,
947,58,1.6872,105,2.1044,1.6828,,,,,,,
948,37,0.3558,108,1.5414,0.3266,,,,,,,
949,31,1.1339,100,0.3918,0.3049,,,,,,,
950,28,1.6077,60,2.0699,1.5450,,,,,,,
951,65,1.3348,69,1.2988,1.2810,,,,,,,
952,364,1.3219,51,0.9606,0.8299,,,,,,,
953,31,0.9520,142,0.7445,0.2806,,,,,,,
954,34,1.6360,132,1.6837,1.1749,,,,,,,
955,28,3.3195,41,2.5672,2.1686,,,,,,,
956,207,1.0957,48,0.6179,0.4600,,,,,,,
957,37,0.9104,124,1.0674,0.4499,,,,,,,
958,36,1.3587,48,1.2834,1.2793,,,,,,,
959,34,0.9855,70,1.6335,0.9339,,,,,,,
960,26,1.5559,88,1.3020,0.9661,,,,,,,
961,54,2.1292,61,2.0387,1.7485,,,,,,,
962,34,1.7016,122,0.8337,0.6025,,,,,,,
963,31,2.4510,83,0.9994,0.9847,,,,,,,
964,64,0.8545,61,0.8874,0.7549,,,,,,,
965,31,2.6176,59,1.6024,1.5529,,,,,,,
966,32,2.3964,68,1.3150,1.1989,,,,,,,
967,65,0.6714,46,0.6779,0.6195,,,,,,,
968,36,2.5310,170,2.5123,1.9856,,,,,,,
969,34,0.7646,97,1.2191,0.5509,,,,,,,
970,41,0.5483,52,0.6684,0.4795,,,,,,,
971,39,2.5076,75,2.8132,2.4081,,,,,,,
972,24,3.0747,119,1.3588,1.3464,,,,,,,
973,65,2.0979,144,3.0459,1.9612,,,,,,,
974,40,1.9533,80,1.3536,1.3194,,,,,,,
975,22,4.3320,95,2.3692,2.3654,,,,,,,
976,31,1.3720,59,0.9858,0.9722,,,,,,,
977,42,0.6186,57,0.3194,0.2198,,,,,,,
978,174,2.0913,53,1.1200,1.0988,,,,,,,
979,19,3.4180,72,1.0146,1.0146,,,,,,,
980,15,5.6974,67,1.9768,1.8037,,,,,,,
981,27,2.5792,107,1.4423,1.2111,,,,,,,
982,45,0.7162,65,0.5372,0.5136,,,,,,,
983,21,1.8860,55,1.6030,1.3677,,,,,,,
984,99,0.5735,52,0.4971,0.4971,,,,,,,
985,140,0.7669,45,0.7955,0.5969,,,,,,,
986,26,2.2868,53,1.1580,1.0933,,,,,,,
987,31,0.7630,103,1.6949,0.6823,,,,,,,
988,33,0.9020,79,1.0603,0.6981,,,,,,,
989,68,0.2866,116,1.0098,0.1716,,,,,,,
990,45,0.4198,61,0.2396,0.2396,,,,,,,
991,110,1.0529,48,1.4033,1.0529,,,,,,,
992,16,5.0556,70,0.9881,0.8159,,,,,,,
993,20,2.8494,47,0.8558,0.7233,,,,,,,
994,12,6.3021,64,1.9904,1.5836,,,,,,,
995,28,1.2407,57,1.2203,1.1247,,,,,,,
996,45,0.5530,98,0.8847,0.5142,,,,,,,
997,28,1.9301,157,1.2263,0.9127,,,,,,,
998,37,5.0727,61,4.3988,4.3638,,,,,,,
999,40,4.2972,55,4.1663,4.0268,,,,,,,
1000,45,2.1670,76,1.7700,1.7332,,,,,,,
